iter	Logloss
0	0.3921330566
1	0.2664537354
2	0.2021805298
3	0.1640307495
4	0.1429750488
